[{"model": "admin.logentry", "pk": 1, "fields": {"action_time": "2020-08-19T09:37:08.859Z", "user": 1, "content_type": 7, "object_id": "1", "object_repr": "Beer", "action_flag": 1, "change_message": "[{\"added\": {}}]"}}, {"model": "admin.logentry", "pk": 2, "fields": {"action_time": "2020-08-19T09:37:13.487Z", "user": 1, "content_type": 7, "object_id": "2", "object_repr": "Vodka", "action_flag": 1, "change_message": "[{\"added\": {}}]"}}, {"model": "admin.logentry", "pk": 3, "fields": {"action_time": "2020-08-19T09:37:18.893Z", "user": 1, "content_type": 7, "object_id": "3", "object_repr": "Whiskey", "action_flag": 1, "change_message": "[{\"added\": {}}]"}}, {"model": "admin.logentry", "pk": 4, "fields": {"action_time": "2020-08-19T09:37:26.564Z", "user": 1, "content_type": 7, "object_id": "4", "object_repr": "Rum", "action_flag": 1, "change_message": "[{\"added\": {}}]"}}, {"model": "admin.logentry", "pk": 5, "fields": {"action_time": "2020-08-19T09:37:30.297Z", "user": 1, "content_type": 7, "object_id": "5", "object_repr": "Wine", "action_flag": 1, "change_message": "[{\"added\": {}}]"}}, {"model": "admin.logentry", "pk": 6, "fields": {"action_time": "2020-08-19T09:37:34.092Z", "user": 1, "content_type": 7, "object_id": "6", "object_repr": "Gin", "action_flag": 1, "change_message": "[{\"added\": {}}]"}}, {"model": "admin.logentry", "pk": 7, "fields": {"action_time": "2020-08-19T09:38:17.033Z", "user": 1, "content_type": 8, "object_id": "1", "object_repr": "8848", "action_flag": 1, "change_message": "[{\"added\": {}}]"}}, {"model": "admin.logentry", "pk": 8, "fields": {"action_time": "2020-08-19T10:03:58.813Z", "user": 1, "content_type": 8, "object_id": "2", "object_repr": "Tuborg", "action_flag": 1, "change_message": "[{\"added\": {}}]"}}, {"model": "admin.logentry", "pk": 9, "fields": {"action_time": "2020-08-20T00:31:52.302Z", "user": 1, "content_type": 4, "object_id": "2", "object_repr": "testuser", "action_flag": 1, "change_message": "[{\"added\": {}}]"}}, {"model": "admin.logentry", "pk": 10, "fields": {"action_time": "2020-08-20T00:33:29.062Z", "user": 1, "content_type": 4, "object_id": "2", "object_repr": "testuser", "action_flag": 2, "change_message": "[{\"changed\": {\"fields\": [\"First name\", \"Last name\", \"Email address\", \"Staff status\"]}}]"}}, {"model": "admin.logentry", "pk": 11, "fields": {"action_time": "2020-08-20T05:36:35.357Z", "user": 1, "content_type": 8, "object_id": "8", "object_repr": "test item", "action_flag": 1, "change_message": "[{\"added\": {}}]"}}, {"model": "admin.logentry", "pk": 12, "fields": {"action_time": "2020-08-20T17:18:42.032Z", "user": 1, "content_type": 8, "object_id": "7", "object_repr": "Ruslan", "action_flag": 2, "change_message": "[{\"changed\": {\"fields\": [\"Category\"]}}]"}}, {"model": "admin.logentry", "pk": 13, "fields": {"action_time": "2020-08-20T20:00:04.417Z", "user": 1, "content_type": 4, "object_id": "2", "object_repr": "testuser", "action_flag": 2, "change_message": "[{\"changed\": {\"fields\": [\"Email address\"]}}, {\"added\": {\"name\": \"profile\", \"object\": \"testuser\"}}]"}}, {"model": "admin.logentry", "pk": 14, "fields": {"action_time": "2020-08-20T20:00:45.230Z", "user": 1, "content_type": 4, "object_id": "2", "object_repr": "testuser", "action_flag": 2, "change_message": "[{\"changed\": {\"fields\": [\"Staff status\"]}}]"}}, {"model": "admin.logentry", "pk": 15, "fields": {"action_time": "2020-08-20T20:07:03.831Z", "user": 1, "content_type": 4, "object_id": "2", "object_repr": "testuser", "action_flag": 2, "change_message": "[{\"changed\": {\"fields\": [\"Staff status\"]}}]"}}, {"model": "admin.logentry", "pk": 16, "fields": {"action_time": "2020-08-20T20:08:56.345Z", "user": 1, "content_type": 4, "object_id": "2", "object_repr": "testuser", "action_flag": 2, "change_message": "[{\"added\": {\"name\": \"profile\", \"object\": \"testuser\"}}]"}}, {"model": "admin.logentry", "pk": 17, "fields": {"action_time": "2020-08-20T20:21:58.053Z", "user": 1, "content_type": 4, "object_id": "1", "object_repr": "admin", "action_flag": 2, "change_message": "[{\"added\": {\"name\": \"profile\", \"object\": \"admin\"}}]"}}, {"model": "admin.logentry", "pk": 18, "fields": {"action_time": "2020-08-20T20:22:06.845Z", "user": 1, "content_type": 4, "object_id": "2", "object_repr": "testuser", "action_flag": 2, "change_message": "[{\"added\": {\"name\": \"profile\", \"object\": \"testuser\"}}]"}}, {"model": "admin.logentry", "pk": 19, "fields": {"action_time": "2020-08-20T20:22:58.879Z", "user": 1, "content_type": 4, "object_id": "3", "object_repr": "newtest", "action_flag": 1, "change_message": "[{\"added\": {}}]"}}, {"model": "admin.logentry", "pk": 20, "fields": {"action_time": "2020-08-28T15:50:41.981Z", "user": 1, "content_type": 8, "object_id": "1", "object_repr": "8848 Vodka from Admin", "action_flag": 2, "change_message": "[{\"changed\": {\"fields\": [\"Title\"]}}]"}}, {"model": "admin.logentry", "pk": 21, "fields": {"action_time": "2020-09-02T13:06:35.276Z", "user": 1, "content_type": 8, "object_id": "9", "object_repr": "inline", "action_flag": 3, "change_message": ""}}, {"model": "admin.logentry", "pk": 22, "fields": {"action_time": "2020-09-02T13:06:35.282Z", "user": 1, "content_type": 8, "object_id": "8", "object_repr": "test item", "action_flag": 3, "change_message": ""}}, {"model": "admin.logentry", "pk": 23, "fields": {"action_time": "2020-09-02T13:06:35.287Z", "user": 1, "content_type": 8, "object_id": "6", "object_repr": "old durbar", "action_flag": 3, "change_message": ""}}, {"model": "admin.logentry", "pk": 24, "fields": {"action_time": "2020-09-02T13:06:35.293Z", "user": 1, "content_type": 8, "object_id": "5", "object_repr": "Signature", "action_flag": 3, "change_message": ""}}, {"model": "admin.logentry", "pk": 25, "fields": {"action_time": "2020-09-02T13:06:35.299Z", "user": 1, "content_type": 8, "object_id": "4", "object_repr": "Tiger", "action_flag": 3, "change_message": ""}}, {"model": "admin.logentry", "pk": 26, "fields": {"action_time": "2020-09-02T13:06:35.303Z", "user": 1, "content_type": 8, "object_id": "3", "object_repr": "Arna", "action_flag": 3, "change_message": ""}}, {"model": "admin.logentry", "pk": 27, "fields": {"action_time": "2020-09-02T13:06:35.308Z", "user": 1, "content_type": 8, "object_id": "2", "object_repr": "Tuborg", "action_flag": 3, "change_message": ""}}, {"model": "admin.logentry", "pk": 28, "fields": {"action_time": "2020-09-02T13:06:35.312Z", "user": 1, "content_type": 8, "object_id": "1", "object_repr": "8848 Vodka", "action_flag": 3, "change_message": ""}}, {"model": "admin.logentry", "pk": 29, "fields": {"action_time": "2020-09-02T13:07:10.575Z", "user": 1, "content_type": 8, "object_id": "7", "object_repr": "Ruslan Vodka", "action_flag": 3, "change_message": ""}}, {"model": "admin.logentry", "pk": 30, "fields": {"action_time": "2020-09-03T03:22:13.142Z", "user": 1, "content_type": 8, "object_id": "10", "object_repr": "test item", "action_flag": 3, "change_message": ""}}, {"model": "admin.logentry", "pk": 31, "fields": {"action_time": "2020-09-03T04:09:30.873Z", "user": 1, "content_type": 4, "object_id": "13", "object_repr": "mycompany", "action_flag": 2, "change_message": "[{\"changed\": {\"fields\": [\"Active\"]}}, {\"changed\": {\"name\": \"profile\", \"object\": \"mycompany\", \"fields\": [\"Company\"]}}]"}}, {"model": "admin.logentry", "pk": 32, "fields": {"action_time": "2020-09-03T04:39:54.702Z", "user": 1, "content_type": 4, "object_id": "8", "object_repr": "lsjdfljl", "action_flag": 3, "change_message": ""}}, {"model": "admin.logentry", "pk": 33, "fields": {"action_time": "2020-09-03T04:40:07.714Z", "user": 1, "content_type": 4, "object_id": "11", "object_repr": "sldfjlskdfj", "action_flag": 3, "change_message": ""}}, {"model": "admin.logentry", "pk": 34, "fields": {"action_time": "2020-09-03T04:40:07.721Z", "user": 1, "content_type": 4, "object_id": "10", "object_repr": "slkdjflksjdflkjl", "action_flag": 3, "change_message": ""}}, {"model": "admin.logentry", "pk": 35, "fields": {"action_time": "2020-09-03T04:40:07.724Z", "user": 1, "content_type": 4, "object_id": "2", "object_repr": "testuser", "action_flag": 3, "change_message": ""}}, {"model": "admin.logentry", "pk": 36, "fields": {"action_time": "2020-09-03T04:40:07.731Z", "user": 1, "content_type": 4, "object_id": "7", "object_repr": "united", "action_flag": 3, "change_message": ""}}, {"model": "admin.logentry", "pk": 37, "fields": {"action_time": "2020-09-03T04:40:21.497Z", "user": 1, "content_type": 4, "object_id": "9", "object_repr": "kjdfsljflskjdfl", "action_flag": 3, "change_message": ""}}, {"model": "admin.logentry", "pk": 38, "fields": {"action_time": "2020-09-03T04:40:21.506Z", "user": 1, "content_type": 4, "object_id": "13", "object_repr": "mycompany", "action_flag": 3, "change_message": ""}}, {"model": "admin.logentry", "pk": 39, "fields": {"action_time": "2020-09-03T04:40:21.511Z", "user": 1, "content_type": 4, "object_id": "4", "object_repr": "nepalliquor", "action_flag": 3, "change_message": ""}}, {"model": "admin.logentry", "pk": 40, "fields": {"action_time": "2020-09-03T04:40:21.516Z", "user": 1, "content_type": 4, "object_id": "3", "object_repr": "newtest", "action_flag": 3, "change_message": ""}}, {"model": "admin.logentry", "pk": 41, "fields": {"action_time": "2020-09-03T04:40:21.521Z", "user": 1, "content_type": 4, "object_id": "12", "object_repr": "pushpan999", "action_flag": 3, "change_message": ""}}, {"model": "admin.logentry", "pk": 42, "fields": {"action_time": "2020-09-03T04:40:21.526Z", "user": 1, "content_type": 4, "object_id": "5", "object_repr": "saguncold", "action_flag": 3, "change_message": ""}}, {"model": "admin.logentry", "pk": 43, "fields": {"action_time": "2020-09-03T04:40:29.781Z", "user": 1, "content_type": 4, "object_id": "6", "object_repr": "gcbyapar", "action_flag": 3, "change_message": ""}}, {"model": "admin.logentry", "pk": 44, "fields": {"action_time": "2020-09-03T04:40:42.988Z", "user": 1, "content_type": 7, "object_id": "7", "object_repr": "Sofi", "action_flag": 1, "change_message": "[{\"added\": {}}]"}}, {"model": "admin.logentry", "pk": 45, "fields": {"action_time": "2020-09-03T04:41:09.627Z", "user": 1, "content_type": 7, "object_id": "8", "object_repr": "Energy Drink", "action_flag": 1, "change_message": "[{\"added\": {}}]"}}, {"model": "admin.logentry", "pk": 46, "fields": {"action_time": "2020-09-03T04:41:19.292Z", "user": 1, "content_type": 7, "object_id": "9", "object_repr": "Cider", "action_flag": 1, "change_message": "[{\"added\": {}}]"}}, {"model": "admin.logentry", "pk": 47, "fields": {"action_time": "2020-09-03T04:41:30.838Z", "user": 1, "content_type": 7, "object_id": "10", "object_repr": "Soft Drink", "action_flag": 1, "change_message": "[{\"added\": {}}]"}}, {"model": "admin.logentry", "pk": 48, "fields": {"action_time": "2020-09-03T05:07:43.563Z", "user": 1, "content_type": 4, "object_id": "14", "object_repr": "gcbyapar", "action_flag": 2, "change_message": "[{\"changed\": {\"fields\": [\"Active\"]}}]"}}, {"model": "admin.logentry", "pk": 49, "fields": {"action_time": "2020-09-03T05:30:04.543Z", "user": 1, "content_type": 4, "object_id": "14", "object_repr": "gcbyapar", "action_flag": 3, "change_message": ""}}, {"model": "admin.logentry", "pk": 50, "fields": {"action_time": "2020-09-03T12:00:33.755Z", "user": 1, "content_type": 4, "object_id": "17", "object_repr": "united", "action_flag": 2, "change_message": "[{\"changed\": {\"fields\": [\"Active\"]}}]"}}, {"model": "admin.logentry", "pk": 51, "fields": {"action_time": "2020-09-03T12:02:16.281Z", "user": 1, "content_type": 4, "object_id": "17", "object_repr": "united", "action_flag": 2, "change_message": "[{\"changed\": {\"fields\": [\"First name\"]}}, {\"changed\": {\"name\": \"profile\", \"object\": \"united\", \"fields\": [\"Company\"]}}]"}}, {"model": "admin.logentry", "pk": 52, "fields": {"action_time": "2020-09-03T12:32:27.643Z", "user": 1, "content_type": 4, "object_id": "18", "object_repr": "vijaydist", "action_flag": 1, "change_message": "[{\"added\": {}}]"}}, {"model": "admin.logentry", "pk": 53, "fields": {"action_time": "2020-09-03T12:32:46.579Z", "user": 1, "content_type": 4, "object_id": "18", "object_repr": "vijaydist", "action_flag": 2, "change_message": "[{\"changed\": {\"name\": \"profile\", \"object\": \"vijaydist\", \"fields\": [\"Company\"]}}]"}}, {"model": "admin.logentry", "pk": 54, "fields": {"action_time": "2020-09-05T07:39:38.605Z", "user": 1, "content_type": 4, "object_id": "19", "object_repr": "Bikram", "action_flag": 2, "change_message": "[{\"changed\": {\"fields\": [\"Active\"]}}]"}}, {"model": "admin.logentry", "pk": 55, "fields": {"action_time": "2020-09-05T07:41:38.537Z", "user": 1, "content_type": 4, "object_id": "21", "object_repr": "Khem", "action_flag": 2, "change_message": "[{\"changed\": {\"fields\": [\"Active\"]}}]"}}, {"model": "admin.logentry", "pk": 56, "fields": {"action_time": "2020-09-05T07:57:52.401Z", "user": 1, "content_type": 8, "object_id": "19", "object_repr": "Arna Strong", "action_flag": 2, "change_message": "[]"}}, {"model": "admin.logentry", "pk": 57, "fields": {"action_time": "2020-09-05T07:58:42.119Z", "user": 1, "content_type": 8, "object_id": "20", "object_repr": "Arna 8", "action_flag": 1, "change_message": "[{\"added\": {}}]"}}, {"model": "admin.logentry", "pk": 58, "fields": {"action_time": "2020-09-05T07:59:31.327Z", "user": 1, "content_type": 8, "object_id": "21", "object_repr": "Tuborg Gold", "action_flag": 1, "change_message": "[{\"added\": {}}]"}}, {"model": "admin.logentry", "pk": 59, "fields": {"action_time": "2020-09-05T08:00:37.818Z", "user": 1, "content_type": 8, "object_id": "22", "object_repr": "Tuborg Gold Can", "action_flag": 1, "change_message": "[{\"added\": {}}]"}}, {"model": "admin.logentry", "pk": 60, "fields": {"action_time": "2020-09-05T08:01:05.578Z", "user": 1, "content_type": 8, "object_id": "21", "object_repr": "Tuborg Gold", "action_flag": 2, "change_message": "[{\"changed\": {\"fields\": [\"Volume\", \"MRP\"]}}]"}}, {"model": "admin.logentry", "pk": 61, "fields": {"action_time": "2020-09-05T08:05:30.662Z", "user": 1, "content_type": 8, "object_id": "27", "object_repr": "Gorkha Strong", "action_flag": 1, "change_message": "[{\"added\": {}}]"}}, {"model": "admin.logentry", "pk": 62, "fields": {"action_time": "2020-09-05T08:06:18.987Z", "user": 1, "content_type": 8, "object_id": "28", "object_repr": "SanMiguel (Only for Ktm, Kavre, SindhuPalchowk)", "action_flag": 1, "change_message": "[{\"added\": {}}]"}}, {"model": "admin.logentry", "pk": 63, "fields": {"action_time": "2020-09-05T08:07:09.963Z", "user": 1, "content_type": 8, "object_id": "29", "object_repr": "SanMiguel", "action_flag": 1, "change_message": "[{\"added\": {}}]"}}, {"model": "admin.logentry", "pk": 64, "fields": {"action_time": "2020-09-05T08:07:35.957Z", "user": 1, "content_type": 8, "object_id": "30", "object_repr": "SanMiguel Can", "action_flag": 1, "change_message": "[{\"added\": {}}]"}}, {"model": "admin.logentry", "pk": 65, "fields": {"action_time": "2020-09-05T08:08:21.140Z", "user": 1, "content_type": 8, "object_id": "31", "object_repr": "Himalayan Dragon", "action_flag": 1, "change_message": "[{\"added\": {}}]"}}, {"model": "admin.logentry", "pk": 66, "fields": {"action_time": "2020-09-05T08:09:00.680Z", "user": 1, "content_type": 8, "object_id": "32", "object_repr": "Barahsinghe Premium Strong", "action_flag": 1, "change_message": "[{\"added\": {}}]"}}, {"model": "admin.logentry", "pk": 67, "fields": {"action_time": "2020-09-05T08:56:30.522Z", "user": 1, "content_type": 8, "object_id": "33", "object_repr": "8848", "action_flag": 1, "change_message": "[{\"added\": {}}]"}}, {"model": "admin.logentry", "pk": 68, "fields": {"action_time": "2020-09-05T09:17:31.170Z", "user": 1, "content_type": 8, "object_id": "34", "object_repr": "8848", "action_flag": 1, "change_message": "[{\"added\": {}}]"}}, {"model": "admin.logentry", "pk": 69, "fields": {"action_time": "2020-09-05T09:17:39.564Z", "user": 1, "content_type": 8, "object_id": "34", "object_repr": "8848", "action_flag": 2, "change_message": "[]"}}, {"model": "admin.logentry", "pk": 70, "fields": {"action_time": "2020-09-05T11:54:54.876Z", "user": 1, "content_type": 8, "object_id": "35", "object_repr": "8848", "action_flag": 1, "change_message": "[{\"added\": {}}]"}}, {"model": "admin.logentry", "pk": 71, "fields": {"action_time": "2020-09-05T11:55:38.467Z", "user": 1, "content_type": 8, "object_id": "36", "object_repr": "Ruslan Ultra", "action_flag": 1, "change_message": "[{\"added\": {}}]"}}, {"model": "admin.logentry", "pk": 72, "fields": {"action_time": "2020-09-05T13:15:12.938Z", "user": 1, "content_type": 8, "object_id": "37", "object_repr": "Ruslan Ultra", "action_flag": 1, "change_message": "[{\"added\": {}}]"}}, {"model": "admin.logentry", "pk": 73, "fields": {"action_time": "2020-09-05T13:15:20.315Z", "user": 1, "content_type": 8, "object_id": "38", "object_repr": "Ruslan Ultra", "action_flag": 1, "change_message": "[{\"added\": {}}]"}}, {"model": "admin.logentry", "pk": 74, "fields": {"action_time": "2020-09-05T13:19:00.700Z", "user": 1, "content_type": 8, "object_id": "38", "object_repr": "Ruslan Ultra", "action_flag": 2, "change_message": "[{\"changed\": {\"fields\": [\"MRP\"]}}]"}}, {"model": "admin.logentry", "pk": 75, "fields": {"action_time": "2020-09-05T13:19:11.062Z", "user": 1, "content_type": 8, "object_id": "37", "object_repr": "Ruslan Ultra", "action_flag": 2, "change_message": "[{\"changed\": {\"fields\": [\"MRP\"]}}]"}}, {"model": "admin.logentry", "pk": 76, "fields": {"action_time": "2020-09-05T13:20:00.722Z", "user": 1, "content_type": 8, "object_id": "39", "object_repr": "Black OAK", "action_flag": 1, "change_message": "[{\"added\": {}}]"}}, {"model": "admin.logentry", "pk": 77, "fields": {"action_time": "2020-09-05T13:20:16.633Z", "user": 1, "content_type": 8, "object_id": "40", "object_repr": "Black OAK", "action_flag": 1, "change_message": "[{\"added\": {}}]"}}, {"model": "admin.logentry", "pk": 78, "fields": {"action_time": "2020-09-05T13:20:30.462Z", "user": 1, "content_type": 8, "object_id": "40", "object_repr": "Black OAK", "action_flag": 2, "change_message": "[{\"changed\": {\"fields\": [\"Volume\", \"MRP\"]}}]"}}, {"model": "admin.logentry", "pk": 79, "fields": {"action_time": "2020-09-05T13:21:14.336Z", "user": 1, "content_type": 8, "object_id": "41", "object_repr": "Golden OAK", "action_flag": 1, "change_message": "[{\"added\": {}}]"}}, {"model": "admin.logentry", "pk": 80, "fields": {"action_time": "2020-09-05T16:21:39.543Z", "user": 1, "content_type": 8, "object_id": "42", "object_repr": "Golden OAK", "action_flag": 1, "change_message": "[{\"added\": {}}]"}}, {"model": "admin.logentry", "pk": 81, "fields": {"action_time": "2020-09-05T16:21:58.973Z", "user": 1, "content_type": 8, "object_id": "43", "object_repr": "Golden OAK", "action_flag": 1, "change_message": "[{\"added\": {}}]"}}, {"model": "admin.logentry", "pk": 82, "fields": {"action_time": "2020-09-05T16:22:26.125Z", "user": 1, "content_type": 8, "object_id": "44", "object_repr": "Blue Diamond", "action_flag": 1, "change_message": "[{\"added\": {}}]"}}, {"model": "admin.logentry", "pk": 83, "fields": {"action_time": "2020-09-05T16:22:40.642Z", "user": 1, "content_type": 8, "object_id": "45", "object_repr": "Blue Diamond", "action_flag": 1, "change_message": "[{\"added\": {}}]"}}, {"model": "admin.logentry", "pk": 84, "fields": {"action_time": "2020-09-05T16:22:42.759Z", "user": 1, "content_type": 8, "object_id": "46", "object_repr": "Blue Diamond", "action_flag": 1, "change_message": "[{\"added\": {}}]"}}, {"model": "admin.logentry", "pk": 85, "fields": {"action_time": "2020-09-05T16:22:52.700Z", "user": 1, "content_type": 8, "object_id": "47", "object_repr": "Blue Diamond", "action_flag": 1, "change_message": "[{\"added\": {}}]"}}, {"model": "admin.logentry", "pk": 86, "fields": {"action_time": "2020-09-05T16:24:00.134Z", "user": 1, "content_type": 8, "object_id": "48", "object_repr": "Somersby (Apple Cider)", "action_flag": 1, "change_message": "[{\"added\": {}}]"}}, {"model": "admin.logentry", "pk": 87, "fields": {"action_time": "2020-09-05T16:30:26.472Z", "user": 1, "content_type": 4, "object_id": "24", "object_repr": "nepalliquor", "action_flag": 1, "change_message": "[{\"added\": {}}]"}}, {"model": "admin.logentry", "pk": 88, "fields": {"action_time": "2020-09-05T16:30:41.793Z", "user": 1, "content_type": 4, "object_id": "24", "object_repr": "nepalliquors", "action_flag": 2, "change_message": "[{\"changed\": {\"fields\": [\"Username\"]}}]"}}, {"model": "admin.logentry", "pk": 89, "fields": {"action_time": "2020-09-05T16:31:15.712Z", "user": 1, "content_type": 4, "object_id": "24", "object_repr": "nepalliquors", "action_flag": 2, "change_message": "[{\"changed\": {\"name\": \"profile\", \"object\": \"nepalliquors\", \"fields\": [\"Company\"]}}]"}}, {"model": "admin.logentry", "pk": 90, "fields": {"action_time": "2020-09-06T03:52:47.306Z", "user": 1, "content_type": 8, "object_id": "61", "object_repr": "Antiquity Blue Ultra Premium", "action_flag": 1, "change_message": "[{\"added\": {}}]"}}, {"model": "admin.logentry", "pk": 91, "fields": {"action_time": "2020-09-06T03:52:56.398Z", "user": 1, "content_type": 8, "object_id": "61", "object_repr": "Antiquity Blue Ultra Premium", "action_flag": 2, "change_message": "[{\"changed\": {\"fields\": [\"Volume\", \"MRP\"]}}]"}}, {"model": "admin.logentry", "pk": 92, "fields": {"action_time": "2020-09-06T03:53:14.648Z", "user": 1, "content_type": 8, "object_id": "62", "object_repr": "Antiquity Blue Ultra Premium", "action_flag": 1, "change_message": "[{\"added\": {}}]"}}, {"model": "admin.logentry", "pk": 93, "fields": {"action_time": "2020-09-06T03:53:43.887Z", "user": 1, "content_type": 8, "object_id": "46", "object_repr": "Blue Diamond", "action_flag": 3, "change_message": ""}}, {"model": "admin.logentry", "pk": 94, "fields": {"action_time": "2020-09-06T03:54:09.356Z", "user": 1, "content_type": 8, "object_id": "63", "object_repr": "Black OAK", "action_flag": 1, "change_message": "[{\"added\": {}}]"}}, {"model": "admin.logentry", "pk": 95, "fields": {"action_time": "2020-09-06T04:09:08.518Z", "user": 1, "content_type": 8, "object_id": "65", "object_repr": "Signature Premium (Red)", "action_flag": 1, "change_message": "[{\"added\": {}}]"}}, {"model": "admin.logentry", "pk": 96, "fields": {"action_time": "2020-09-06T04:09:16.638Z", "user": 1, "content_type": 8, "object_id": "66", "object_repr": "Signature Premium (Red)", "action_flag": 1, "change_message": "[{\"added\": {}}]"}}, {"model": "admin.logentry", "pk": 97, "fields": {"action_time": "2020-09-06T04:13:45.185Z", "user": 1, "content_type": 8, "object_id": "70", "object_repr": "Signature Rare (Green)", "action_flag": 1, "change_message": "[{\"added\": {}}]"}}, {"model": "admin.logentry", "pk": 98, "fields": {"action_time": "2020-09-06T04:13:53.019Z", "user": 1, "content_type": 8, "object_id": "71", "object_repr": "Signature Rare (Green)", "action_flag": 1, "change_message": "[{\"added\": {}}]"}}, {"model": "admin.logentry", "pk": 99, "fields": {"action_time": "2020-09-06T04:16:51.159Z", "user": 1, "content_type": 8, "object_id": "74", "object_repr": "Royal Challenge", "action_flag": 1, "change_message": "[{\"added\": {}}]"}}, {"model": "admin.logentry", "pk": 100, "fields": {"action_time": "2020-09-06T04:17:01.270Z", "user": 1, "content_type": 8, "object_id": "75", "object_repr": "Royal Challenge", "action_flag": 1, "change_message": "[{\"added\": {}}]"}}, {"model": "auth.permission", "pk": 1, "fields": {"name": "Can add log entry", "content_type": 1, "codename": "add_logentry"}}, {"model": "auth.permission", "pk": 2, "fields": {"name": "Can change log entry", "content_type": 1, "codename": "change_logentry"}}, {"model": "auth.permission", "pk": 3, "fields": {"name": "Can delete log entry", "content_type": 1, "codename": "delete_logentry"}}, {"model": "auth.permission", "pk": 4, "fields": {"name": "Can view log entry", "content_type": 1, "codename": "view_logentry"}}, {"model": "auth.permission", "pk": 5, "fields": {"name": "Can add permission", "content_type": 2, "codename": "add_permission"}}, {"model": "auth.permission", "pk": 6, "fields": {"name": "Can change permission", "content_type": 2, "codename": "change_permission"}}, {"model": "auth.permission", "pk": 7, "fields": {"name": "Can delete permission", "content_type": 2, "codename": "delete_permission"}}, {"model": "auth.permission", "pk": 8, "fields": {"name": "Can view permission", "content_type": 2, "codename": "view_permission"}}, {"model": "auth.permission", "pk": 9, "fields": {"name": "Can add group", "content_type": 3, "codename": "add_group"}}, {"model": "auth.permission", "pk": 10, "fields": {"name": "Can change group", "content_type": 3, "codename": "change_group"}}, {"model": "auth.permission", "pk": 11, "fields": {"name": "Can delete group", "content_type": 3, "codename": "delete_group"}}, {"model": "auth.permission", "pk": 12, "fields": {"name": "Can view group", "content_type": 3, "codename": "view_group"}}, {"model": "auth.permission", "pk": 13, "fields": {"name": "Can add user", "content_type": 4, "codename": "add_user"}}, {"model": "auth.permission", "pk": 14, "fields": {"name": "Can change user", "content_type": 4, "codename": "change_user"}}, {"model": "auth.permission", "pk": 15, "fields": {"name": "Can delete user", "content_type": 4, "codename": "delete_user"}}, {"model": "auth.permission", "pk": 16, "fields": {"name": "Can view user", "content_type": 4, "codename": "view_user"}}, {"model": "auth.permission", "pk": 17, "fields": {"name": "Can add content type", "content_type": 5, "codename": "add_contenttype"}}, {"model": "auth.permission", "pk": 18, "fields": {"name": "Can change content type", "content_type": 5, "codename": "change_contenttype"}}, {"model": "auth.permission", "pk": 19, "fields": {"name": "Can delete content type", "content_type": 5, "codename": "delete_contenttype"}}, {"model": "auth.permission", "pk": 20, "fields": {"name": "Can view content type", "content_type": 5, "codename": "view_contenttype"}}, {"model": "auth.permission", "pk": 21, "fields": {"name": "Can add session", "content_type": 6, "codename": "add_session"}}, {"model": "auth.permission", "pk": 22, "fields": {"name": "Can change session", "content_type": 6, "codename": "change_session"}}, {"model": "auth.permission", "pk": 23, "fields": {"name": "Can delete session", "content_type": 6, "codename": "delete_session"}}, {"model": "auth.permission", "pk": 24, "fields": {"name": "Can view session", "content_type": 6, "codename": "view_session"}}, {"model": "auth.permission", "pk": 25, "fields": {"name": "Can add category", "content_type": 7, "codename": "add_category"}}, {"model": "auth.permission", "pk": 26, "fields": {"name": "Can change category", "content_type": 7, "codename": "change_category"}}, {"model": "auth.permission", "pk": 27, "fields": {"name": "Can delete category", "content_type": 7, "codename": "delete_category"}}, {"model": "auth.permission", "pk": 28, "fields": {"name": "Can view category", "content_type": 7, "codename": "view_category"}}, {"model": "auth.permission", "pk": 29, "fields": {"name": "Can add item", "content_type": 8, "codename": "add_item"}}, {"model": "auth.permission", "pk": 30, "fields": {"name": "Can change item", "content_type": 8, "codename": "change_item"}}, {"model": "auth.permission", "pk": 31, "fields": {"name": "Can delete item", "content_type": 8, "codename": "delete_item"}}, {"model": "auth.permission", "pk": 32, "fields": {"name": "Can view item", "content_type": 8, "codename": "view_item"}}, {"model": "auth.permission", "pk": 33, "fields": {"name": "Can add profile", "content_type": 9, "codename": "add_profile"}}, {"model": "auth.permission", "pk": 34, "fields": {"name": "Can change profile", "content_type": 9, "codename": "change_profile"}}, {"model": "auth.permission", "pk": 35, "fields": {"name": "Can delete profile", "content_type": 9, "codename": "delete_profile"}}, {"model": "auth.permission", "pk": 36, "fields": {"name": "Can view profile", "content_type": 9, "codename": "view_profile"}}, {"model": "auth.user", "pk": 1, "fields": {"password": "pbkdf2_sha256$216000$ngKKmDK8TxgE$GQ4ZYGK2nv35di2sSKlw1GIwfme/jvRZP0z3wIciHgI=", "last_login": "2020-09-05T16:40:46.006Z", "is_superuser": true, "username": "admin", "first_name": "", "last_name": "", "email": "getpushpan@gmail.com", "is_staff": true, "is_active": true, "date_joined": "2020-08-19T09:36:37Z", "groups": [], "user_permissions": []}}, {"model": "auth.user", "pk": 15, "fields": {"password": "pbkdf2_sha256$216000$95EI53qmzD6n$qQyhnO1M+BTVWD3U0jfgT+U5mg2XjQt2witUC7JCoGA=", "last_login": null, "is_superuser": false, "username": "Sabin", "first_name": "", "last_name": "", "email": "pushpan@outlook.com", "is_staff": false, "is_active": false, "date_joined": "2020-09-03T05:52:13.029Z", "groups": [], "user_permissions": []}}, {"model": "auth.user", "pk": 16, "fields": {"password": "pbkdf2_sha256$216000$SWkpSKvIYUzl$pBZMeqq5E3knRzvb5TeE2b/x1GY57XtnHj4ETbfqMvU=", "last_login": null, "is_superuser": false, "username": "Yuvrajgiri@726", "first_name": "", "last_name": "", "email": "yuvrajgiri726@gmail.com", "is_staff": false, "is_active": false, "date_joined": "2020-09-03T08:34:36.571Z", "groups": [], "user_permissions": []}}, {"model": "auth.user", "pk": 17, "fields": {"password": "pbkdf2_sha256$216000$JxRRka1pNf5f$wyvytG/9/0jXS7Z8j5kgOgK78xMOuAwFL/7ZQJp03oU=", "last_login": "2020-09-04T07:47:36.395Z", "is_superuser": false, "username": "united", "first_name": "Abhinash Distillery", "last_name": "", "email": "suman@suman.com", "is_staff": false, "is_active": true, "date_joined": "2020-09-03T12:00:06Z", "groups": [], "user_permissions": []}}, {"model": "auth.user", "pk": 18, "fields": {"password": "pbkdf2_sha256$216000$Zv2NrGpHFkIf$UdjjBz/Qan8sCMNrPpBI0Pv1tnbvBsH+vflKtMKJu3g=", "last_login": "2020-09-03T12:33:15.966Z", "is_superuser": false, "username": "vijaydist", "first_name": "", "last_name": "", "email": "", "is_staff": false, "is_active": true, "date_joined": "2020-09-03T12:32:27Z", "groups": [], "user_permissions": []}}, {"model": "auth.user", "pk": 19, "fields": {"password": "pbkdf2_sha256$216000$9ZflvXbqHTlW$xaaHzSJMiIN/tZqouh0DZmANbk1BhwIku/VzSvu3C/U=", "last_login": null, "is_superuser": false, "username": "Bikram", "first_name": "", "last_name": "", "email": "bikramrayamajhi14@gmail.com", "is_staff": false, "is_active": true, "date_joined": "2020-09-04T03:51:03Z", "groups": [], "user_permissions": []}}, {"model": "auth.user", "pk": 20, "fields": {"password": "pbkdf2_sha256$216000$rSyAzCcXzCDe$7NPOhBsFtoq5Z5i2WWZT/7KsnU4aFW3THfBaTzLiyw8=", "last_login": null, "is_superuser": false, "username": "saurav_shrestha", "first_name": "", "last_name": "", "email": "shresthasaurav450@gmail.com", "is_staff": false, "is_active": false, "date_joined": "2020-09-04T04:09:27.157Z", "groups": [], "user_permissions": []}}, {"model": "auth.user", "pk": 21, "fields": {"password": "pbkdf2_sha256$216000$iFEeIvLsp3C0$CVJGO3DHgn0Hdp9OUJkNQdfWEypuM8PLHiIt1wgyb6U=", "last_login": null, "is_superuser": false, "username": "Khem", "first_name": "", "last_name": "", "email": "khemadhikari81@gmail.com", "is_staff": false, "is_active": true, "date_joined": "2020-09-04T13:15:21Z", "groups": [], "user_permissions": []}}, {"model": "auth.user", "pk": 22, "fields": {"password": "pbkdf2_sha256$216000$T4MNLEfiAGCT$/xOoji4oiAt2glTmkipfuUDQfhipk3et7W46wJTgUa0=", "last_login": null, "is_superuser": false, "username": "chandraaryal1977cima_@gmail.com", "first_name": "", "last_name": "", "email": "chandraaryal170@gmail.com", "is_staff": false, "is_active": false, "date_joined": "2020-09-04T14:12:00.554Z", "groups": [], "user_permissions": []}}, {"model": "auth.user", "pk": 23, "fields": {"password": "pbkdf2_sha256$216000$5zYn5dGqucaQ$USnE9QibbuUlUtlO6r3337holj3fjAABwwc67pEQvGw=", "last_login": null, "is_superuser": false, "username": "Subash", "first_name": "", "last_name": "", "email": "luckysubash98@yahoo.com", "is_staff": false, "is_active": false, "date_joined": "2020-09-05T06:46:22.245Z", "groups": [], "user_permissions": []}}, {"model": "auth.user", "pk": 24, "fields": {"password": "pbkdf2_sha256$216000$W1INFAe0WPMD$LXfdlOEyIS0wSDyKMvE7PvEdsepwOvl5CAPmt0lhcaQ=", "last_login": "2020-09-05T16:37:49.725Z", "is_superuser": false, "username": "nepalliquors", "first_name": "", "last_name": "", "email": "", "is_staff": false, "is_active": true, "date_joined": "2020-09-05T16:30:26Z", "groups": [], "user_permissions": []}}, {"model": "contenttypes.contenttype", "pk": 1, "fields": {"app_label": "admin", "model": "logentry"}}, {"model": "contenttypes.contenttype", "pk": 2, "fields": {"app_label": "auth", "model": "permission"}}, {"model": "contenttypes.contenttype", "pk": 3, "fields": {"app_label": "auth", "model": "group"}}, {"model": "contenttypes.contenttype", "pk": 4, "fields": {"app_label": "auth", "model": "user"}}, {"model": "contenttypes.contenttype", "pk": 5, "fields": {"app_label": "contenttypes", "model": "contenttype"}}, {"model": "contenttypes.contenttype", "pk": 6, "fields": {"app_label": "sessions", "model": "session"}}, {"model": "contenttypes.contenttype", "pk": 7, "fields": {"app_label": "app", "model": "category"}}, {"model": "contenttypes.contenttype", "pk": 8, "fields": {"app_label": "app", "model": "item"}}, {"model": "contenttypes.contenttype", "pk": 9, "fields": {"app_label": "app", "model": "profile"}}, {"model": "sessions.session", "pk": "14jcfr5ruzyfzumn6suzuqv7r7dyi9ok", "fields": {"session_data": ".eJxVjDsOwjAQBe_iGlnGyvpDSc8ZrN31GgeQI8VJFXF3iJQC2jczb1MJ16Wmtcucxqwu6hzU6Xck5Ke0neQHtvukeWrLPJLeFX3Qrm9Tltf1cP8OKvb6rQ0zOx8jgWGTLUYJzAOyOHLiMyH44otz0ZNnEraBBogA2RIVMKDeHznYOTs:1kDoQV:rLI03XFs0uk_icFWMZGQjwel7NT5DwZkoKeZrnF8V6g", "expire_date": "2020-09-17T12:33:15.979Z"}}, {"model": "sessions.session", "pk": "463xqkwuqkj0l68cts0un0yld7iwqxj7", "fields": {"session_data": "e30:1k8qkS:X0rauP7mIM9_9J9rzKbqd_zCEpQDF6BDUyMecwJduW0", "expire_date": "2020-09-03T20:01:20.152Z"}}, {"model": "sessions.session", "pk": "9b1vlyyzo73d5v82vdww4hwb56u30hz1", "fields": {"session_data": "e30:1k8qkp:baksS60k3Px06N6DG5xK1mTCuul-hucUpCgiUs2KNu8", "expire_date": "2020-09-03T20:01:43.052Z"}}, {"model": "sessions.session", "pk": "ci5q7n4v5wf40kl58usye5khryyvtoxd", "fields": {"session_data": "e30:1kBhWH:DQL0sspCceqrbc5IwJEUx96C18umO1kAmi-WQYhR2SA", "expire_date": "2020-09-11T16:46:29.154Z"}}, {"model": "sessions.session", "pk": "d1e35qjcqoopupo3nhxfdb4axwmtudbz", "fields": {"session_data": ".eJxVjE0OwiAYBe_C2hCg0IJL956BfH-1VQNJaVfGu2uTLnT7Zua9VIZtnfLWZMkzq7Oy6vS7IdBDyg74DuVWNdWyLjPqXdEHbfpaWZ6Xw_07mKBN33oIAQKaCDGlEVPPvvNuFA6EMXiIo6HoemSHaMUMNEgi6X2KTGTYdur9Ae3FOHM:1kEbF8:cpROE2I3faPnGqYWO-4aygVtcO-oiylw19b5ZFk_x2Q", "expire_date": "2020-09-19T16:40:46.019Z"}}, {"model": "sessions.session", "pk": "dawxc1bsazb20r2njay2cpvbw3f97k5j", "fields": {"session_data": "e30:1k8qnK:OGaxkiy9B5kuE-2DHG5xur_XCb0OcEcM23rLBaKRxOE", "expire_date": "2020-09-03T20:04:18.083Z"}}, {"model": "sessions.session", "pk": "j9g17g165ugxr5sgbvx9zh1z5dt6kole", "fields": {"session_data": "e30:1k8qlL:E8Cs6OLdDp7u_9dbq5Bt8rua4KSrNLUCnDoUBxe68lQ", "expire_date": "2020-09-03T20:02:15.324Z"}}, {"model": "sessions.session", "pk": "jcjdb9m7r9njpbygsiyb5fm3yrx72dda", "fields": {"session_data": "e30:1kBkTz:lAkqbvyILV2FojVzkrk4OqdGZGKtkJDh8Ooa17NvRpo", "expire_date": "2020-09-11T19:56:19.947Z"}}, {"model": "sessions.session", "pk": "ktot3fdqiwv8hkjcy6zbfaefz7hb6ik5", "fields": {"session_data": ".eJxVjE0OwiAYBe_C2hCg0IJL956BfH-1VQNJaVfGu2uTLnT7Zua9VIZtnfLWZMkzq7Oy6vS7IdBDyg74DuVWNdWyLjPqXdEHbfpaWZ6Xw_07mKBN33oIAQKaCDGlEVPPvvNuFA6EMXiIo6HoemSHaMUMNEgi6X2KTGTYdur9Ae3FOHM:1kDNRM:N2XZ8qSibEd94Q8p2E2IzL8WsFdl2UtW1bApJXVFgUU", "expire_date": "2020-09-16T07:44:20.181Z"}}, {"model": "sessions.session", "pk": "mq1fubymdfsxlgzq708bn7r7pu6oyaok", "fields": {"session_data": "e30:1k8dRH:MLv74WcxYxhv1j6HfZKcR-adsqlTVXxIvHKPHe5GNis", "expire_date": "2020-09-03T05:48:39.030Z"}}, {"model": "sessions.session", "pk": "nalx292zqa4hod5owhctxpkpa8wp084i", "fields": {"session_data": "e30:1kASgH:dPP0Bj88jcMFmyGyw15fLxbdkSPFSn3F5oNFPlU4w-M", "expire_date": "2020-09-08T06:43:41.890Z"}}, {"model": "sessions.session", "pk": "pk17378lfqu23e4xsz553wsb9vdk53ae", "fields": {"session_data": "e30:1k8dRZ:EZHkwhIXdS3Uf1cTWABE3Kp3asqdVIL8UfSjf45YEmc", "expire_date": "2020-09-03T05:48:57.053Z"}}, {"model": "sessions.session", "pk": "pp8f83cxs8oj7tlg54nwxurpxha00l3p", "fields": {"session_data": ".eJxVjE0OwiAYBe_C2hCg0IJL956BfH-1VQNJaVfGu2uTLnT7Zua9VIZtnfLWZMkzq7Oy6vS7IdBDyg74DuVWNdWyLjPqXdEHbfpaWZ6Xw_07mKBN33oIAQKaCDGlEVPPvvNuFA6EMXiIo6HoemSHaMUMNEgi6X2KTGTYdur9Ae3FOHM:1kDjZt:Ju26kYEJ3fpuEKYljj13sCTSzo1hn3jX6weCigAAj98", "expire_date": "2020-09-17T07:22:37.108Z"}}, {"model": "sessions.session", "pk": "syieu1b01qqj2wjn9610yg5zsg6mt0aj", "fields": {"session_data": "e30:1k8ql4:2iq9tGlo26yAZmbp1PD4J2pZobrY-Z8GCxyJfagEahE", "expire_date": "2020-09-03T20:01:58.241Z"}}, {"model": "sessions.session", "pk": "synmbv6x4op1n1yac4djxd3jx3e0j09p", "fields": {"session_data": "e30:1kASeF:0cFsxNyUPP-slKYlcR0wAyznZ5iIWicF1SMjti5n2f4", "expire_date": "2020-09-08T06:41:35.595Z"}}, {"model": "sessions.session", "pk": "t62lgbunzccbhbxrlqrxo73tbmet3yro", "fields": {"session_data": ".eJxVjE0OwiAYBe_C2hCg0IJL956BfH-1VQNJaVfGu2uTLnT7Zua9VIZtnfLWZMkzq7Oy6vS7IdBDyg74DuVWNdWyLjPqXdEHbfpaWZ6Xw_07mKBN33oIAQKaCDGlEVPPvvNuFA6EMXiIo6HoemSHaMUMNEgi6X2KTGTYdur9Ae3FOHM:1kDW5g:rXw2EZd1oJuNWWS96sXRrMJ7soBm_ceREyOVQoyNj14", "expire_date": "2020-09-16T16:58:32.510Z"}}, {"model": "sessions.session", "pk": "thqut4w589kkcfpie3dntpt01hnfewl2", "fields": {"session_data": ".eJxVjEEOwiAQRe_C2hDogIBL9z0DGYZBqoYmpV0Z765NutDtf-_9l4i4rTVunZc4ZXER2onT75iQHtx2ku_YbrOkua3LlOSuyIN2Oc6Zn9fD_Tuo2Ou3VhTAAKhiwAJ7x55Y09la8sWaYQjOOV2QNCbEzEaBdzZxsKQAgUC8P_NpN9U:1kE6Rc:ZR0ls2LXktZqmsD65MRCiiw5Hj6qOWTZ--Xxd-kgRMU", "expire_date": "2020-09-18T07:47:36.409Z"}}, {"model": "sessions.session", "pk": "v0zsq32mp4h0ipdc267ggxbn9yqx1grm", "fields": {"session_data": "e30:1k8qnq:GjiKCOfSZR1jhRNdBRWpOSna_xeaoyYuI0EAHlfPiXU", "expire_date": "2020-09-03T20:04:50.469Z"}}, {"model": "sessions.session", "pk": "w99ras3zc5b268soym8gez7cwvja228b", "fields": {"session_data": "e30:1k8qrz:3ebt8fT6hKF8-zwrsjyTeg7yXtM4oUCVAUrbNiYgEUA", "expire_date": "2020-09-03T20:09:07.122Z"}}, {"model": "sessions.session", "pk": "wxavazzftq9371hq380pbtqzpbt3utu4", "fields": {"session_data": ".eJxVjE0OwiAYBe_C2hCg0IJL956BfH-1VQNJaVfGu2uTLnT7Zua9VIZtnfLWZMkzq7Oy6vS7IdBDyg74DuVWNdWyLjPqXdEHbfpaWZ6Xw_07mKBN33oIAQKaCDGlEVPPvvNuFA6EMXiIo6HoemSHaMUMNEgi6X2KTGTYdur9Ae3FOHM:1kEC63:n4UTWsT5-yFrfSZ-uEHNBqy0fhMpz51QUcv2AveODI8", "expire_date": "2020-09-18T13:49:43.286Z"}}, {"model": "sessions.session", "pk": "xrzggge7xdfymkdel5neb933h0u0gogo", "fields": {"session_data": "e30:1kBkQM:yG04EYvbEoeXvbM7XSHaHkod2AwD5n0RgUtNyI92lbM", "expire_date": "2020-09-11T19:52:34.509Z"}}, {"model": "app.profile", "pk": 1, "fields": {"user": 1, "phone": "9823549033", "company": "GC Byapar"}}, {"model": "app.profile", "pk": 15, "fields": {"user": 15, "phone": "9823549033", "company": "GC Byapar Kendra"}}, {"model": "app.profile", "pk": 16, "fields": {"user": 16, "phone": "9811520299", "company": "New sunita cold store"}}, {"model": "app.profile", "pk": 17, "fields": {"user": 17, "phone": "9847119111", "company": "United Liquor Pvt. Ltd"}}, {"model": "app.profile", "pk": 18, "fields": {"user": 18, "phone": "", "company": "Vijay Distillery"}}, {"model": "app.profile", "pk": 19, "fields": {"user": 19, "phone": "9867874069", "company": "CG BREWERY"}}, {"model": "app.profile", "pk": 20, "fields": {"user": 20, "phone": "9808642215", "company": "s & s liquor house"}}, {"model": "app.profile", "pk": 21, "fields": {"user": 21, "phone": "9855057047", "company": "Trinetra liquor gallery"}}, {"model": "app.profile", "pk": 22, "fields": {"user": 22, "phone": "9847585722", "company": "Aryal cold"}}, {"model": "app.profile", "pk": 23, "fields": {"user": 23, "phone": "9847161333", "company": "Bajrangabali Traders"}}, {"model": "app.profile", "pk": 24, "fields": {"user": 24, "phone": "", "company": "Nepal Liquors Pvt. Ltd"}}, {"model": "app.category", "pk": 1, "fields": {"title": "Beer"}}, {"model": "app.category", "pk": 2, "fields": {"title": "Vodka"}}, {"model": "app.category", "pk": 3, "fields": {"title": "Whiskey"}}, {"model": "app.category", "pk": 4, "fields": {"title": "Rum"}}, {"model": "app.category", "pk": 5, "fields": {"title": "Wine"}}, {"model": "app.category", "pk": 6, "fields": {"title": "Gin"}}, {"model": "app.category", "pk": 7, "fields": {"title": "Sofi"}}, {"model": "app.category", "pk": 8, "fields": {"title": "Energy Drink"}}, {"model": "app.category", "pk": 9, "fields": {"title": "Cider"}}, {"model": "app.category", "pk": 10, "fields": {"title": "Soft Drink"}}, {"model": "app.item", "pk": 3, "fields": {"title": "Virgin", "category": 3, "vol": "375ml", "mrp": "440.00", "ws_aft_vat": "9325.00", "retail_bf_vat": "8725.66", "retail_aft_vat": "9860.00", "author": 17}}, {"model": "app.item", "pk": 5, "fields": {"title": "Virgin Gold", "category": 3, "vol": "180ml", "mrp": "230.00", "ws_aft_vat": "9790.00", "retail_bf_vat": "9150.44", "retail_aft_vat": "10340.00", "author": 17}}, {"model": "app.item", "pk": 6, "fields": {"title": "Virgin Gold", "category": 3, "vol": "375ml", "mrp": "460.00", "ws_aft_vat": "9790.00", "retail_bf_vat": "9150.44", "retail_aft_vat": "10340.00", "author": 17}}, {"model": "app.item", "pk": 7, "fields": {"title": "Virgin Gold", "category": 3, "vol": "750ml", "mrp": "960.00", "ws_aft_vat": "9790.00", "retail_bf_vat": "9150.44", "retail_aft_vat": "10340.00", "author": 17}}, {"model": "app.item", "pk": 8, "fields": {"title": "Virgin", "category": 3, "vol": "180ml", "mrp": "220.00", "ws_aft_vat": "9325.00", "retail_bf_vat": "8725.66", "retail_aft_vat": "9860.00", "author": 17}}, {"model": "app.item", "pk": 9, "fields": {"title": "Virgin", "category": 3, "vol": "750ml", "mrp": "880.00", "ws_aft_vat": "9325.00", "retail_bf_vat": "8725.66", "retail_aft_vat": "9860.00", "author": 17}}, {"model": "app.item", "pk": 10, "fields": {"title": "Emperor", "category": 3, "vol": "180ml", "mrp": "240.00", "ws_aft_vat": "10200.00", "retail_bf_vat": "9530.97", "retail_aft_vat": "10770.00", "author": 17}}, {"model": "app.item", "pk": 11, "fields": {"title": "Emperor", "category": 3, "vol": "375ml", "mrp": "480.00", "ws_aft_vat": "10200.00", "retail_bf_vat": "9530.97", "retail_aft_vat": "10770.00", "author": 17}}, {"model": "app.item", "pk": 12, "fields": {"title": "Emperor", "category": 3, "vol": "750ml", "mrp": "960.00", "ws_aft_vat": "10200.00", "retail_bf_vat": "9530.97", "retail_aft_vat": "10770.00", "author": 17}}, {"model": "app.item", "pk": 13, "fields": {"title": "Emperor 24 Carat", "category": 3, "vol": "180ml", "mrp": "300.00", "ws_aft_vat": "12800.00", "retail_bf_vat": "11946.90", "retail_aft_vat": "13500.00", "author": 17}}, {"model": "app.item", "pk": 14, "fields": {"title": "Emperor 24 Carat", "category": 3, "vol": "750ml", "mrp": "600.00", "ws_aft_vat": "12800.00", "retail_bf_vat": "11946.90", "retail_aft_vat": "13500.00", "author": 17}}, {"model": "app.item", "pk": 15, "fields": {"title": "Emperor 24 Carat", "category": 3, "vol": "750ml", "mrp": "1200.00", "ws_aft_vat": "12800.00", "retail_bf_vat": "11946.90", "retail_aft_vat": "13500.00", "author": 17}}, {"model": "app.item", "pk": 16, "fields": {"title": "Highlander Pure White", "category": 2, "vol": "180ml", "mrp": "230.00", "ws_aft_vat": "9790.00", "retail_bf_vat": "8663.71", "retail_aft_vat": "10340.00", "author": 17}}, {"model": "app.item", "pk": 17, "fields": {"title": "Highlander Pure White", "category": 2, "vol": "375ml", "mrp": "460.00", "ws_aft_vat": "9790.00", "retail_bf_vat": "8663.71", "retail_aft_vat": "10340.00", "author": 17}}, {"model": "app.item", "pk": 18, "fields": {"title": "Highlander Pure White", "category": 2, "vol": "750ml", "mrp": "920.00", "ws_aft_vat": "9790.00", "retail_bf_vat": "8663.71", "retail_aft_vat": "10340.00", "author": 17}}, {"model": "app.item", "pk": 19, "fields": {"title": "Arna Strong", "category": 1, "vol": "330ml", "mrp": "145.00", "ws_aft_vat": "3150.00", "retail_bf_vat": "2858.41", "retail_aft_vat": "3230.00", "author": 1}}, {"model": "app.item", "pk": 20, "fields": {"title": "Arna 8", "category": 1, "vol": "330ml", "mrp": "150.00", "ws_aft_vat": "3245.00", "retail_bf_vat": "2946.90", "retail_aft_vat": "3330.00", "author": 1}}, {"model": "app.item", "pk": 21, "fields": {"title": "Tuborg Gold", "category": 1, "vol": "650ml", "mrp": "350.00", "ws_aft_vat": "3816.00", "retail_bf_vat": "3450.95", "retail_aft_vat": "3899.57", "author": 1}}, {"model": "app.item", "pk": 22, "fields": {"title": "Tuborg Gold Can", "category": 1, "vol": "500ml", "mrp": "265.00", "ws_aft_vat": "2868.00", "retail_bf_vat": "2588.05", "retail_aft_vat": "2924.50", "author": 1}}, {"model": "app.item", "pk": 23, "fields": {"title": "Carlsberg", "category": 1, "vol": "650ml", "mrp": "380.00", "ws_aft_vat": "4120.00", "retail_bf_vat": "3728.04", "retail_aft_vat": "4212.69", "author": 1}}, {"model": "app.item", "pk": 24, "fields": {"title": "Carlsberg Can", "category": 1, "vol": "500ml", "mrp": "275.00", "ws_aft_vat": "2980.00", "retail_bf_vat": "2687.12", "retail_aft_vat": "3036.45", "author": 1}}, {"model": "app.item", "pk": 25, "fields": {"title": "Tuborg Strong", "category": 1, "vol": "650ml", "mrp": "325.00", "ws_aft_vat": "3518.00", "retail_bf_vat": "3198.27", "retail_aft_vat": "3614.05", "author": 1}}, {"model": "app.item", "pk": 26, "fields": {"title": "Tuborg Strong Can", "category": 1, "vol": "500ml", "mrp": "260.00", "ws_aft_vat": "2829.00", "retail_bf_vat": "2563.81", "retail_aft_vat": "2897.11", "author": 1}}, {"model": "app.item", "pk": 27, "fields": {"title": "Gorkha Strong", "category": 1, "vol": "650ml", "mrp": "285.00", "ws_aft_vat": "3114.00", "retail_bf_vat": "2828.75", "retail_aft_vat": "3196.49", "author": 1}}, {"model": "app.item", "pk": 28, "fields": {"title": "SanMiguel (Only for Ktm, Kavre, SindhuPalchowk)", "category": 1, "vol": "650ml", "mrp": "300.00", "ws_aft_vat": "3261.00", "retail_bf_vat": "2950.84", "retail_aft_vat": "3334.45", "author": 1}}, {"model": "app.item", "pk": 29, "fields": {"title": "SanMiguel", "category": 1, "vol": "650ml", "mrp": "290.00", "ws_aft_vat": "3170.00", "retail_bf_vat": "2867.31", "retail_aft_vat": "3240.06", "author": 1}}, {"model": "app.item", "pk": 30, "fields": {"title": "SanMiguel Can", "category": 1, "vol": "500ml", "mrp": "215.00", "ws_aft_vat": "2365.00", "retail_bf_vat": "2135.35", "retail_aft_vat": "2412.94", "author": 1}}, {"model": "app.item", "pk": 31, "fields": {"title": "Himalayan Dragon", "category": 1, "vol": "650ml", "mrp": "250.00", "ws_aft_vat": "2663.00", "retail_bf_vat": "2415.64", "retail_aft_vat": "2729.67", "author": 1}}, {"model": "app.item", "pk": 32, "fields": {"title": "Barahsinghe Premium Strong", "category": 1, "vol": "650ml", "mrp": "275.00", "ws_aft_vat": "2781.00", "retail_bf_vat": "2559.29", "retail_aft_vat": "2892.00", "author": 1}}, {"model": "app.item", "pk": 33, "fields": {"title": "8848", "category": 2, "vol": "750ml", "mrp": "1725.00", "ws_aft_vat": "18562.00", "retail_bf_vat": "17215.04", "retail_aft_vat": "19453.00", "author": 1}}, {"model": "app.item", "pk": 34, "fields": {"title": "8848", "category": 2, "vol": "375ml", "mrp": "864.00", "ws_aft_vat": "18562.00", "retail_bf_vat": "17215.04", "retail_aft_vat": "19453.00", "author": 1}}, {"model": "app.item", "pk": 35, "fields": {"title": "8848", "category": 2, "vol": "180ml", "mrp": "432.00", "ws_aft_vat": "18562.00", "retail_bf_vat": "17215.04", "retail_aft_vat": "19453.00", "author": 1}}, {"model": "app.item", "pk": 36, "fields": {"title": "Ruslan Ultra", "category": 2, "vol": "750ml", "mrp": "1600.00", "ws_aft_vat": "17010.00", "retail_bf_vat": "15805.31", "retail_aft_vat": "17860.00", "author": 1}}, {"model": "app.item", "pk": 37, "fields": {"title": "Ruslan Ultra", "category": 2, "vol": "375ml", "mrp": "800.00", "ws_aft_vat": "17010.00", "retail_bf_vat": "15805.31", "retail_aft_vat": "17860.00", "author": 1}}, {"model": "app.item", "pk": 38, "fields": {"title": "Ruslan Ultra", "category": 2, "vol": "180ml", "mrp": "400.00", "ws_aft_vat": "17010.00", "retail_bf_vat": "15805.31", "retail_aft_vat": "17860.00", "author": 1}}, {"model": "app.item", "pk": 39, "fields": {"title": "Black OAK", "category": 3, "vol": "750ml", "mrp": "1120.00", "ws_aft_vat": "12075.00", "retail_bf_vat": "11273.45", "retail_aft_vat": "12739.00", "author": 1}}, {"model": "app.item", "pk": 40, "fields": {"title": "Black OAK", "category": 3, "vol": "180ml", "mrp": "280.00", "ws_aft_vat": "12075.00", "retail_bf_vat": "11273.45", "retail_aft_vat": "12739.00", "author": 1}}, {"model": "app.item", "pk": 41, "fields": {"title": "Golden OAK", "category": 3, "vol": "750ml", "mrp": "920.00", "ws_aft_vat": "9918.00", "retail_bf_vat": "9260.18", "retail_aft_vat": "10464.00", "author": 1}}, {"model": "app.item", "pk": 42, "fields": {"title": "Golden OAK", "category": 3, "vol": "375ml", "mrp": "460.00", "ws_aft_vat": "9918.00", "retail_bf_vat": "9260.18", "retail_aft_vat": "10464.00", "author": 1}}, {"model": "app.item", "pk": 43, "fields": {"title": "Golden OAK", "category": 3, "vol": "180ml", "mrp": "230.00", "ws_aft_vat": "9918.00", "retail_bf_vat": "9260.18", "retail_aft_vat": "10464.00", "author": 1}}, {"model": "app.item", "pk": 44, "fields": {"title": "Blue Diamond", "category": 6, "vol": "750ml", "mrp": "920.00", "ws_aft_vat": "9918.00", "retail_bf_vat": "9260.18", "retail_aft_vat": "10464.00", "author": 1}}, {"model": "app.item", "pk": 45, "fields": {"title": "Blue Diamond", "category": 6, "vol": "375ml", "mrp": "460.00", "ws_aft_vat": "9918.00", "retail_bf_vat": "9260.18", "retail_aft_vat": "10464.00", "author": 1}}, {"model": "app.item", "pk": 47, "fields": {"title": "Blue Diamond", "category": 6, "vol": "180ml", "mrp": "230.00", "ws_aft_vat": "9918.00", "retail_bf_vat": "9260.18", "retail_aft_vat": "10464.00", "author": 1}}, {"model": "app.item", "pk": 48, "fields": {"title": "Somersby (Apple Cider)", "category": 9, "vol": "250ml", "mrp": "165.00", "ws_aft_vat": "1756.00", "retail_bf_vat": "1586.94", "retail_aft_vat": "1793.24", "author": 1}}, {"model": "app.item", "pk": 51, "fields": {"title": "Warsteiner", "category": 1, "vol": "650ml", "mrp": "350.00", "ws_aft_vat": "3770.00", "retail_bf_vat": "3407.08", "retail_aft_vat": "3850.00", "author": 1}}, {"model": "app.item", "pk": 52, "fields": {"title": "Warsteiner", "category": 1, "vol": "330ml", "mrp": "185.00", "ws_aft_vat": "3988.00", "retail_bf_vat": "3601.77", "retail_aft_vat": "4070.00", "author": 1}}, {"model": "app.item", "pk": 53, "fields": {"title": "Namaste Classic", "category": 1, "vol": "650ml", "mrp": "330.00", "ws_aft_vat": "3560.00", "retail_bf_vat": "3212.39", "retail_aft_vat": "3630.00", "author": 1}}, {"model": "app.item", "pk": 54, "fields": {"title": "Namaste Strong", "category": 1, "vol": "650ml", "mrp": "275.00", "ws_aft_vat": "2962.00", "retail_bf_vat": "2676.99", "retail_aft_vat": "3025.00", "author": 1}}, {"model": "app.item", "pk": 55, "fields": {"title": "Namaste Strong Mini", "category": 1, "vol": "330ml", "mrp": "145.00", "ws_aft_vat": "3124.00", "retail_bf_vat": "2823.01", "retail_aft_vat": "3190.00", "author": 1}}, {"model": "app.item", "pk": 56, "fields": {"title": "Mountain Ice Premium Lager", "category": 1, "vol": "650ml", "mrp": "270.00", "ws_aft_vat": "2912.00", "retail_bf_vat": "2632.74", "retail_aft_vat": "2975.00", "author": 1}}, {"model": "app.item", "pk": 57, "fields": {"title": "Mountain Ice Premium Strong", "category": 1, "vol": "650ml", "mrp": "255.00", "ws_aft_vat": "2750.00", "retail_bf_vat": "2486.73", "retail_aft_vat": "2810.00", "author": 1}}, {"model": "app.item", "pk": 58, "fields": {"title": "Foster's Lager", "category": 1, "vol": "650ml", "mrp": "295.00", "ws_aft_vat": "3178.00", "retail_bf_vat": "2871.68", "retail_aft_vat": "3245.00", "author": 1}}, {"model": "app.item", "pk": 59, "fields": {"title": "Foster's Strong", "category": 1, "vol": "650ml", "mrp": "275.00", "ws_aft_vat": "2962.00", "retail_bf_vat": "2676.99", "retail_aft_vat": "3025.00", "author": 1}}, {"model": "app.item", "pk": 60, "fields": {"title": "Antiquity Blue Ultra Premium", "category": 3, "vol": "750ml", "mrp": "2400.00", "ws_aft_vat": "25876.01", "retail_bf_vat": "24044.08", "retail_aft_vat": "27169.81", "author": 1}}, {"model": "app.item", "pk": 61, "fields": {"title": "Antiquity Blue Ultra Premium", "category": 3, "vol": "180ml", "mrp": "600.00", "ws_aft_vat": "25876.01", "retail_bf_vat": "24044.08", "retail_aft_vat": "27169.81", "author": 1}}, {"model": "app.item", "pk": 62, "fields": {"title": "Antiquity Blue Ultra Premium", "category": 3, "vol": "375ml", "mrp": "1200.00", "ws_aft_vat": "25876.01", "retail_bf_vat": "24044.08", "retail_aft_vat": "27169.81", "author": 1}}, {"model": "app.item", "pk": 63, "fields": {"title": "Black OAK", "category": 3, "vol": "375ml", "mrp": "560.00", "ws_aft_vat": "12075.00", "retail_bf_vat": "11273.45", "retail_aft_vat": "12739.00", "author": 1}}, {"model": "app.item", "pk": 64, "fields": {"title": "Signature Premium (Red)", "category": 3, "vol": "750ml", "mrp": "2140.00", "ws_aft_vat": "23072.77", "retail_bf_vat": "21439.30", "retail_aft_vat": "24226.41", "author": 1}}, {"model": "app.item", "pk": 65, "fields": {"title": "Signature Premium (Red)", "category": 3, "vol": "375ml", "mrp": "1070.00", "ws_aft_vat": "23072.77", "retail_bf_vat": "21439.30", "retail_aft_vat": "24226.41", "author": 1}}, {"model": "app.item", "pk": 66, "fields": {"title": "Signature Premium (Red)", "category": 3, "vol": "180ml", "mrp": "535.00", "ws_aft_vat": "23072.77", "retail_bf_vat": "21439.30", "retail_aft_vat": "24226.41", "author": 1}}, {"model": "app.item", "pk": 67, "fields": {"title": "Signature Premium (Red)", "category": 3, "vol": "1ltr", "mrp": "2650.00", "ws_aft_vat": "21428.57", "retail_bf_vat": "19911.50", "retail_aft_vat": "22500.00", "author": 1}}, {"model": "app.item", "pk": 68, "fields": {"title": "Signature Rare (Green)", "category": 3, "vol": "1ltr", "mrp": "2500.00", "ws_aft_vat": "20215.63", "retail_bf_vat": "18784.43", "retail_aft_vat": "21226.41", "author": 1}}, {"model": "app.item", "pk": 69, "fields": {"title": "Signature Rare (Green)", "category": 3, "vol": "750ml", "mrp": "1976.00", "ws_aft_vat": "21304.58", "retail_bf_vat": "19796.29", "retail_aft_vat": "22369.81", "author": 1}}, {"model": "app.item", "pk": 70, "fields": {"title": "Signature Rare (Green)", "category": 3, "vol": "375ml", "mrp": "988.00", "ws_aft_vat": "21304.58", "retail_bf_vat": "19796.29", "retail_aft_vat": "22369.81", "author": 1}}, {"model": "app.item", "pk": 71, "fields": {"title": "Signature Rare (Green)", "category": 3, "vol": "180ml", "mrp": "494.00", "ws_aft_vat": "21304.58", "retail_bf_vat": "19796.29", "retail_aft_vat": "22369.81", "author": 1}}, {"model": "app.item", "pk": 72, "fields": {"title": "Royal Challenge", "category": 3, "vol": "1ltr", "mrp": "2075.00", "ws_aft_vat": "16778.97", "retail_bf_vat": "15591.08", "retail_aft_vat": "17617.92", "author": 1}}, {"model": "app.item", "pk": 73, "fields": {"title": "Royal Challenge", "category": 3, "vol": "750ml", "mrp": "1660.00", "ws_aft_vat": "17897.57", "retail_bf_vat": "16630.49", "retail_aft_vat": "18792.45", "author": 1}}, {"model": "app.item", "pk": 74, "fields": {"title": "Royal Challenge", "category": 3, "vol": "375ml", "mrp": "830.00", "ws_aft_vat": "17897.57", "retail_bf_vat": "16630.49", "retail_aft_vat": "18792.45", "author": 24}}, {"model": "app.item", "pk": 75, "fields": {"title": "Royal Challenge", "category": 3, "vol": "180ml", "mrp": "415.00", "ws_aft_vat": "17897.57", "retail_bf_vat": "16630.49", "retail_aft_vat": "18792.45", "author": 24}}]